{"is_source_file": false, "format": "", "description": "", "external_files": [], "external_methods": [], "published": [], "classes": [], "methods": [], "calls": [], "search-terms": [], "state": 2, "file_id": 4, "knowledge_revision": 6, "git_revision": "492b624910897839e48355bcd9dc82faeb69bf8e", "hash": "00cd568e4a21b062538ecf2edddf3bdc", "format-version": 4, "code-base-name": "shopping_app_backend", "filename": "README.md", "revision_history": [{"6": "492b624910897839e48355bcd9dc82faeb69bf8e"}]}